index,train,test
mae,70.16186751550931,525.8636277841249
mse,8964.000135920487,282676.5467936486
rmse,94.6784037461579,531.6733459499815
nse,0.6711449225324497,-17.186134262957857
