index,train,test
mae,16.508161604589713,240.74564489313653
mse,448.27873773190913,76970.19583003808
rmse,21.172594024632623,277.4350299259956
nse,0.9061718045537552,-71.37915695285565
