index,train,test
mae,75.90186576223373,423.4684720493427
mse,7378.691912002399,182206.0636768452
rmse,85.89931263987157,426.85602218645715
nse,0.7293038527958965,-10.72231646076769
