index,train,test
mae,3.6142702883358284,28.69995091536752
mse,17.477352909108042,957.0750481631801
rmse,4.180592411262792,30.936629554028347
nse,0.9963418553087399,0.10001157747307188
