index,train,test
mae,2.0715137944225352,10.20273631935434
mse,6.705240814860832,151.02134432795557
rmse,2.5894479749284076,12.289074185143305
nse,0.9985965414088697,0.8579866211009619
