index,train,test
mae,34.499862401761405,89.07553562043691
mse,6003.267960995721,13144.41657560971
rmse,77.48075865010436,114.64910193983079
nse,0.7797629272158656,0.1543475135671991
