index,train,test
mae,21.072124653609286,37.71787349345682
mse,586.0541959923377,2254.142630721065
rmse,24.20855625584346,47.47781198329452
nse,0.9784999001449198,0.8549786284177453
