index,train,test
mae,2.9575009128842256,8.559999999956682
mse,17.629126004168818,108.00399999924798
rmse,4.198705277126368,10.392497293684901
nse,0.9963100880299729,0.8984381112301774
